Process Name,Priority,Arrival Time,Service Time
Process-1,4,4984,10
Process-2,4,5391,4
Process-3,5,4817,4
Process-4,1,1755,1
Process-5,4,2988,8
Process-6,4,1849,5
Process-7,2,3992,2
Process-8,5,5077,2
Process-9,3,3593,10
Process-10,4,51,7
Process-11,5,2508,1
Process-12,1,989,8
Process-13,3,3316,1
Process-14,3,4508,10
Process-15,2,3189,10
Process-16,1,3825,4
Process-17,2,1331,6
Process-18,4,2511,8
Process-19,2,1729,3
Process-20,3,525,2
Process-21,5,2359,6
Process-22,3,3945,10
Process-23,3,1242,5
Process-24,2,4684,1
Process-25,4,5188,5
Process-26,4,2482,10
Process-27,4,5055,2
Process-28,3,1141,7
Process-29,1,4964,1
Process-30,5,5018,6
Process-31,1,4274,9
Process-32,1,938,5
Process-33,2,685,6
Process-34,2,3003,4
Process-35,5,4752,7
Process-36,3,2063,7
Process-37,1,1195,1
Process-38,5,1396,7
Process-39,5,3688,10
Process-40,4,3199,9
Process-41,2,2488,1
Process-42,1,496,3
Process-43,5,2957,7
Process-44,4,3501,2
Process-45,3,3829,9
Process-46,4,5365,2
Process-47,1,331,5
Process-48,4,2914,5
Process-49,5,5273,2
Process-50,3,2222,10
Process-51,1,2237,9
Process-52,2,3088,3
Process-53,2,3019,6
Process-54,4,3565,8
Process-55,5,248,2
Process-56,1,5143,6
Process-57,3,928,10
Process-58,5,2713,2
Process-59,2,3104,5
Process-60,3,4985,2
Process-61,5,154,4
Process-62,1,1775,9
Process-63,4,3444,10
Process-64,5,967,2
Process-65,5,2314,2
Process-66,5,3865,8
Process-67,1,2001,3
Process-68,2,5244,10
Process-69,2,406,3
Process-70,1,3039,7
Process-71,4,1241,1
Process-72,3,2205,3
Process-73,2,2150,5
Process-74,4,1765,10
Process-75,3,838,1
Process-76,5,1491,7
Process-77,1,3872,6
Process-78,1,414,5
Process-79,5,3173,5
Process-80,3,5118,7
Process-81,4,1973,4
Process-82,2,4269,4
Process-83,1,2654,10
Process-84,1,310,3
Process-85,1,4651,2
Process-86,2,3633,8
Process-87,1,646,10
Process-88,2,4914,3
Process-89,1,2968,6
Process-90,4,4840,10
Process-91,1,2634,3
Process-92,3,4794,1
Process-93,4,4110,2
Process-94,2,2622,1
Process-95,4,2265,8
Process-96,4,2107,1
Process-97,2,4679,6
Process-98,4,4435,3
Process-99,4,5296,8
Process-100,3,31,7
Process-101,5,5042,7
Process-102,1,4112,2
Process-103,4,2025,4
Process-104,1,1288,9
Process-105,3,3995,1
Process-106,5,491,5
Process-107,2,1250,7
Process-108,5,737,6
Process-109,2,5083,6
Process-110,5,3014,3
Process-111,2,92,1
Process-112,2,5011,8
Process-113,4,409,4
Process-114,1,4425,9
Process-115,1,1348,7
Process-116,4,4917,8
Process-117,3,4085,7
Process-118,3,5238,8
Process-119,4,2847,7
Process-120,3,4355,1
Process-121,4,996,10
Process-122,1,281,4
Process-123,5,286,2
Process-124,1,2654,2
Process-125,1,3292,9
Process-126,2,3870,2
Process-127,4,4752,4
Process-128,5,3761,5
Process-129,3,5407,4
Process-130,2,982,2
Process-131,4,1735,2
Process-132,1,3142,3
Process-133,2,4228,5
Process-134,1,4178,6
Process-135,5,541,7
Process-136,1,5457,8
Process-137,5,197,4
Process-138,3,2442,5
Process-139,4,4738,3
Process-140,1,4284,9
Process-141,5,2475,1
Process-142,3,671,9
Process-143,5,1902,5
Process-144,5,1094,4
Process-145,5,914,10
Process-146,1,2348,4
Process-147,2,4809,8
Process-148,4,3636,8
Process-149,5,5427,9
Process-150,3,5099,8
Process-151,2,1353,9
Process-152,1,3960,8
Process-153,3,3920,4
Process-154,5,2841,8
Process-155,1,3018,3
Process-156,5,382,6
Process-157,1,5253,7
Process-158,1,3204,6
Process-159,5,3919,5
Process-160,5,5154,4
Process-161,5,3556,4
Process-162,2,1732,9
Process-163,3,3167,1
Process-164,4,1779,7
Process-165,1,5407,8
Process-166,1,3578,7
Process-167,1,534,1
Process-168,2,770,8
Process-169,1,4636,7
Process-170,4,1123,7
Process-171,4,2290,2
Process-172,4,3909,10
Process-173,3,5113,2
Process-174,1,3547,4
Process-175,2,1123,6
Process-176,3,4649,8
Process-177,2,926,2
Process-178,3,4327,7
Process-179,2,3442,9
Process-180,4,2919,4
Process-181,5,2586,9
Process-182,4,4152,5
Process-183,1,438,9
Process-184,1,896,10
Process-185,5,4440,10
Process-186,4,1518,8
Process-187,2,1883,8
Process-188,3,2974,9
Process-189,3,4401,10
Process-190,3,2160,5
Process-191,4,3255,1
Process-192,2,5199,5
Process-193,5,4382,2
Process-194,3,3926,5
Process-195,4,3507,8
Process-196,5,5449,7
Process-197,5,3937,2
Process-198,5,3752,5
Process-199,4,794,10
Process-200,3,3578,5
Process-201,2,3938,7
Process-202,3,2296,9
Process-203,1,3306,7
Process-204,4,5105,10
Process-205,2,3115,3
Process-206,3,1417,5
Process-207,4,2717,7
Process-208,1,923,4
Process-209,2,1178,2
Process-210,1,3344,2
Process-211,5,3416,2
Process-212,4,2186,4
Process-213,5,5366,6
Process-214,1,825,8
Process-215,5,2247,2
Process-216,5,3256,6
Process-217,4,1158,7
Process-218,3,4840,8
Process-219,2,1347,5
Process-220,1,1645,6
Process-221,1,1871,3
Process-222,3,4658,9
Process-223,3,683,6
Process-224,2,3341,8
Process-225,1,1138,1
Process-226,2,4113,8
Process-227,2,4414,7
Process-228,2,923,3
Process-229,5,262,10
Process-230,2,3520,1
Process-231,1,2786,7
Process-232,3,3986,6
Process-233,2,2795,10
Process-234,1,2846,3
Process-235,3,1111,3
Process-236,2,104,9
Process-237,5,4684,8
Process-238,1,3583,2
Process-239,5,971,6
Process-240,3,5289,3
Process-241,4,109,4
Process-242,3,2000,1
Process-243,2,3046,7
Process-244,2,4096,4
Process-245,1,2413,2
Process-246,4,3160,9
Process-247,5,2529,1
Process-248,1,2133,10
Process-249,3,2559,8
Process-250,2,2171,9
Process-251,1,3665,2
Process-252,4,26,10
Process-253,2,4502,9
Process-254,5,178,3
Process-255,1,2756,9
Process-256,5,4829,5
Process-257,5,676,8
Process-258,1,5022,6
Process-259,5,4978,4
Process-260,1,2894,6
Process-261,3,2275,2
Process-262,3,2694,4
Process-263,4,462,3
Process-264,3,1515,7
Process-265,3,497,8
Process-266,4,4715,4
Process-267,1,5197,9
Process-268,2,4243,9
Process-269,1,2770,8
Process-270,3,824,7
Process-271,2,2312,2
Process-272,1,3675,6
Process-273,2,1077,2
Process-274,4,3269,9
Process-275,4,3998,10
Process-276,1,1267,4
Process-277,5,1094,10
Process-278,2,100,5
Process-279,2,4591,8
Process-280,5,2635,8
Process-281,5,3933,9
Process-282,5,493,2
Process-283,5,1806,5
Process-284,1,141,6
Process-285,5,1846,3
Process-286,1,261,3
Process-287,5,3118,9
Process-288,1,2408,1
Process-289,4,3178,6
Process-290,4,3825,1
Process-291,5,5323,5
Process-292,3,4245,3
Process-293,4,827,7
Process-294,3,2104,6
Process-295,2,4466,8
Process-296,4,2437,6
Process-297,3,2373,5
Process-298,2,1850,9
Process-299,4,3870,6
Process-300,5,5420,1
Process-301,4,2792,1
Process-302,2,1882,5
Process-303,3,1171,3
Process-304,1,4563,4
Process-305,1,4645,4
Process-306,2,1154,5
Process-307,2,629,9
Process-308,4,511,1
Process-309,3,3025,10
Process-310,3,4041,6
Process-311,2,3192,2
Process-312,3,3757,1
Process-313,5,4195,1
Process-314,5,4228,8
Process-315,2,4045,7
Process-316,2,4443,10
Process-317,4,1677,4
Process-318,3,5231,10
Process-319,3,4224,4
Process-320,3,3633,5
Process-321,2,711,1
Process-322,3,4184,7
Process-323,1,1399,7
Process-324,2,3640,7
Process-325,2,517,5
Process-326,5,4778,4
Process-327,2,1392,7
Process-328,4,5491,10
Process-329,2,1137,2
Process-330,1,3464,9
Process-331,4,801,2
Process-332,4,359,4
Process-333,4,5024,6
Process-334,3,1258,3
Process-335,3,4684,7
Process-336,1,5325,7
Process-337,5,2203,4
Process-338,3,2662,1
Process-339,3,768,3
Process-340,5,5360,8
Process-341,4,1520,1
Process-342,2,1273,8
Process-343,3,3659,1
Process-344,3,4492,3
Process-345,1,3541,8
Process-346,4,4839,5
Process-347,3,4213,7
Process-348,5,4562,9
Process-349,1,3846,4
Process-350,5,5334,4
Process-351,2,5401,3
Process-352,1,2293,4
Process-353,4,2053,10
Process-354,5,2340,1
Process-355,1,699,9
Process-356,3,2042,3
Process-357,4,942,4
Process-358,4,2521,7
Process-359,5,2762,10
Process-360,2,4855,4
Process-361,4,1676,6
Process-362,5,2222,6
Process-363,1,916,1
Process-364,5,1558,2
Process-365,5,3073,2
Process-366,2,4595,7
Process-367,2,4349,8
Process-368,2,4936,1
Process-369,1,2535,6
Process-370,1,2486,4
Process-371,1,712,9
Process-372,5,5155,5
Process-373,3,2511,9
Process-374,3,4739,4
Process-375,2,897,5
Process-376,1,2326,10
Process-377,3,1337,8
Process-378,5,1335,1
Process-379,2,2131,8
Process-380,5,4858,10
Process-381,1,4885,5
Process-382,1,5048,4
Process-383,5,3368,10
Process-384,4,3795,2
Process-385,3,2788,4
Process-386,1,866,1
Process-387,5,4858,5
Process-388,5,3409,10
Process-389,1,3408,4
Process-390,5,5085,5
Process-391,2,445,4
Process-392,3,3516,7
Process-393,1,3933,10
Process-394,5,797,1
Process-395,2,938,5
Process-396,5,3251,2
Process-397,3,5107,8
Process-398,1,1960,1
Process-399,2,2068,10
Process-400,4,3210,10
Process-401,2,4807,2
Process-402,3,2656,8
Process-403,5,3945,2
Process-404,3,3445,5
Process-405,2,4728,2
Process-406,4,3596,8
Process-407,2,2100,2
Process-408,3,4826,8
Process-409,2,3861,2
Process-410,5,3336,6
Process-411,5,1407,10
Process-412,1,4012,8
Process-413,5,875,10
Process-414,3,2663,4
Process-415,1,4970,10
Process-416,1,5062,7
Process-417,1,2874,6
Process-418,5,4255,4
Process-419,4,4478,5
Process-420,3,2995,7
Process-421,3,3037,3
Process-422,5,4579,5
Process-423,1,2211,2
Process-424,3,1102,9
Process-425,5,3697,4
Process-426,5,2080,2
Process-427,4,2485,3
Process-428,4,2703,7
Process-429,2,2799,2
Process-430,4,4748,5
Process-431,5,3548,10
Process-432,5,3853,7
Process-433,5,3929,7
Process-434,1,3224,3
Process-435,5,2127,7
Process-436,4,2457,1
Process-437,4,301,7
Process-438,1,3476,8
Process-439,2,4680,2
Process-440,3,2655,9
Process-441,2,5397,6
Process-442,5,1361,4
Process-443,2,5446,4
Process-444,1,2295,6
Process-445,5,5191,1
Process-446,5,2235,10
Process-447,4,1596,8
Process-448,3,3039,2
Process-449,4,1809,3
Process-450,4,5458,5
Process-451,4,442,3
Process-452,5,1243,2
Process-453,1,2539,10
Process-454,3,1981,4
Process-455,3,851,7
Process-456,2,5058,8
Process-457,3,5304,3
Process-458,5,1487,3
Process-459,3,2443,5
Process-460,3,637,6
Process-461,2,54,6
Process-462,5,4027,7
Process-463,2,4927,3
Process-464,1,288,2
Process-465,1,5294,3
Process-466,2,2622,10
Process-467,5,3833,1
Process-468,5,3161,8
Process-469,4,5109,3
Process-470,4,3511,6
Process-471,4,2040,9
Process-472,2,4669,2
Process-473,5,5131,6
Process-474,3,2116,1
Process-475,1,279,6
Process-476,3,2709,3
Process-477,3,1736,6
Process-478,2,3474,8
Process-479,4,5418,6
Process-480,2,3005,4
Process-481,4,3285,8
Process-482,4,1164,9
Process-483,4,2028,10
Process-484,5,5361,6
Process-485,5,5007,6
Process-486,4,5193,4
Process-487,4,5253,5
Process-488,5,841,1
Process-489,2,490,3
Process-490,4,1992,7
Process-491,2,3845,6
Process-492,1,3108,9
Process-493,5,5120,9
Process-494,3,1161,9
Process-495,1,2202,10
Process-496,1,1385,4
Process-497,1,3966,5
Process-498,1,343,8
Process-499,1,4121,5
Process-500,3,4039,3
Process-501,4,223,9
Process-502,1,3843,2
Process-503,1,4534,2
Process-504,4,4309,9
Process-505,4,3285,8
Process-506,1,626,7
Process-507,5,3771,9
Process-508,5,958,8
Process-509,1,2311,8
Process-510,3,862,5
Process-511,4,318,1
Process-512,3,1171,6
Process-513,1,1997,7
Process-514,5,4791,5
Process-515,3,3176,5
Process-516,5,4395,10
Process-517,5,231,2
Process-518,5,3892,6
Process-519,4,317,5
Process-520,1,4905,3
Process-521,1,5476,1
Process-522,1,3770,10
Process-523,3,3957,4
Process-524,1,3222,2
Process-525,3,1685,2
Process-526,5,2192,7
Process-527,1,1081,9
Process-528,5,1280,3
Process-529,3,2424,7
Process-530,4,4616,9
Process-531,3,5219,4
Process-532,5,3438,10
Process-533,2,832,8
Process-534,1,3651,1
Process-535,1,436,10
Process-536,1,49,9
Process-537,4,3936,10
Process-538,3,3980,4
Process-539,3,1996,1
Process-540,1,2076,6
Process-541,5,1655,10
Process-542,1,3883,9
Process-543,5,2277,6
Process-544,2,2997,3
Process-545,2,1722,3
Process-546,2,2379,5
Process-547,2,4634,8
Process-548,2,4282,9
Process-549,3,2870,6
Process-550,1,1402,1
Process-551,1,82,7
Process-552,5,2509,10
Process-553,1,1363,9
Process-554,3,1770,6
Process-555,5,3778,8
Process-556,1,3393,4
Process-557,4,3844,7
Process-558,1,206,7
Process-559,1,3226,2
Process-560,5,1931,8
Process-561,2,5134,5
Process-562,2,516,8
Process-563,3,365,2
Process-564,4,4731,10
Process-565,1,599,5
Process-566,5,1658,5
Process-567,2,3841,4
Process-568,3,2003,7
Process-569,1,2841,6
Process-570,5,2997,9
Process-571,5,2001,2
Process-572,1,4997,6
Process-573,5,2570,7
Process-574,5,2007,5
Process-575,1,3780,1
Process-576,4,3718,5
Process-577,2,2318,2
Process-578,3,741,4
Process-579,5,4587,7
Process-580,4,1919,5
Process-581,4,2263,6
Process-582,4,1126,3
Process-583,2,2916,10
Process-584,1,1635,9
Process-585,1,4794,2
Process-586,5,4523,10
Process-587,3,3189,10
Process-588,4,1472,8
Process-589,2,974,1
Process-590,2,1991,6
Process-591,1,4814,8
Process-592,3,727,4
Process-593,5,29,8
Process-594,5,3106,7
Process-595,2,953,2
Process-596,1,2981,3
Process-597,4,5007,3
Process-598,4,1758,9
Process-599,1,659,2
Process-600,3,5436,6
Process-601,3,2006,4
Process-602,4,3426,3
Process-603,4,584,6
Process-604,5,5488,4
Process-605,2,3162,6
Process-606,1,560,5
Process-607,5,3563,2
Process-608,1,1064,4
Process-609,1,3492,5
Process-610,1,5357,8
Process-611,2,1527,2
Process-612,3,4168,6
Process-613,2,4068,10
Process-614,1,3607,1
Process-615,1,108,10
Process-616,4,3958,2
Process-617,4,3584,2
Process-618,3,667,6
Process-619,1,4915,2
Process-620,2,229,2
Process-621,2,2153,4
Process-622,5,4822,2
Process-623,4,3042,3
Process-624,1,3366,6
Process-625,5,1810,7
Process-626,1,3913,6
Process-627,1,1169,6
Process-628,5,2874,8
Process-629,5,1161,7
Process-630,4,5459,5
Process-631,2,1876,9
Process-632,5,1250,2
Process-633,5,634,1
Process-634,5,1037,10
Process-635,1,4505,4
Process-636,1,5134,3
Process-637,5,2765,3
Process-638,5,4182,5
Process-639,4,4950,6
Process-640,4,1204,3
Process-641,3,1996,8
Process-642,1,4771,7
Process-643,4,3872,6
Process-644,3,4029,5
Process-645,2,1102,8
Process-646,3,87,9
Process-647,2,2139,5
Process-648,2,641,5
Process-649,2,1216,1
Process-650,5,761,8
Process-651,1,1399,2
Process-652,4,4302,5
Process-653,5,952,4
Process-654,5,369,1
Process-655,3,4883,10
Process-656,2,2754,6
Process-657,2,4501,7
Process-658,3,447,2
Process-659,1,3448,2
Process-660,3,3013,2
Process-661,4,1601,7
Process-662,5,3883,7
Process-663,1,1744,6
Process-664,2,1616,3
Process-665,3,1389,1
Process-666,5,1937,2
Process-667,4,3580,5
Process-668,2,4140,8
Process-669,1,725,10
Process-670,2,3607,9
Process-671,1,1676,5
Process-672,4,4909,3
Process-673,3,4011,9
Process-674,4,4827,7
Process-675,3,5319,6
Process-676,5,4408,3
Process-677,1,2367,8
Process-678,3,4900,2
Process-679,5,3109,4
Process-680,4,5025,7
Process-681,3,3390,6
Process-682,4,2823,8
Process-683,4,5093,8
Process-684,3,2922,2
Process-685,3,1508,9
Process-686,4,1527,6
Process-687,3,4345,6
Process-688,3,2732,8
Process-689,5,2804,9
Process-690,1,2214,5
Process-691,5,3979,8
Process-692,5,97,8
Process-693,2,1814,7
Process-694,2,2967,7
Process-695,3,891,1
Process-696,1,3637,1
Process-697,3,72,5
Process-698,1,3599,8
Process-699,2,2339,2
Process-700,1,3616,3
Process-701,1,2620,9
Process-702,5,1621,10
Process-703,1,4096,3
Process-704,3,4608,9
Process-705,4,948,4
Process-706,1,3761,7
Process-707,3,885,2
Process-708,2,2920,5
Process-709,1,306,2
Process-710,4,2120,3
Process-711,2,3247,10
Process-712,4,406,8
Process-713,3,5176,1
Process-714,1,4229,5
Process-715,2,1735,2
Process-716,4,2163,4
Process-717,2,1554,8
Process-718,5,1166,8
Process-719,1,5226,10
Process-720,2,2561,7
Process-721,3,3063,1
Process-722,2,1646,4
Process-723,2,2688,8
Process-724,5,59,9
Process-725,2,2426,8
Process-726,5,1545,2
Process-727,1,2896,5
Process-728,1,1472,2
Process-729,2,288,2
Process-730,4,4592,7
Process-731,4,548,1
Process-732,2,2534,5
Process-733,1,1335,8
Process-734,4,4884,1
Process-735,3,3958,4
Process-736,1,684,8
Process-737,2,2053,9
Process-738,3,3434,7
Process-739,5,4244,9
Process-740,5,5369,10
Process-741,2,84,7
Process-742,2,582,1
Process-743,4,2684,8
Process-744,1,5261,3
Process-745,1,532,10
Process-746,2,2977,7
Process-747,1,3464,4
Process-748,3,3353,7
Process-749,1,2591,10
Process-750,5,4785,4
Process-751,2,2441,9
Process-752,2,1347,6
Process-753,1,4013,10
Process-754,3,963,8
Process-755,1,2212,8
Process-756,3,1256,2
Process-757,1,960,9
Process-758,3,4141,8
Process-759,2,1598,8
Process-760,2,1808,4
Process-761,3,5067,2
Process-762,1,1469,10
Process-763,3,3459,7
Process-764,3,2545,8
Process-765,4,995,7
Process-766,5,3831,8
Process-767,2,1547,8
Process-768,4,116,8
Process-769,2,1661,4
Process-770,5,5017,6
Process-771,5,308,3
Process-772,4,3079,8
Process-773,3,1857,9
Process-774,5,4352,4
Process-775,2,2477,1
Process-776,1,2890,2
Process-777,4,5197,2
Process-778,2,5268,6
Process-779,4,4389,2
Process-780,5,1801,3
Process-781,2,4978,3
Process-782,5,3863,3
Process-783,2,89,3
Process-784,3,850,4
Process-785,4,1486,6
Process-786,2,5135,4
Process-787,4,5425,2
Process-788,3,2360,10
Process-789,2,864,7
Process-790,5,5297,4
Process-791,3,1414,4
Process-792,1,4900,2
Process-793,4,2783,5
Process-794,2,4170,10
Process-795,1,2213,10
Process-796,2,3075,5
Process-797,5,4916,8
Process-798,2,3098,3
Process-799,2,1945,2
Process-800,4,2186,8
